{
    "metadata":{
        "generator":"io_three",
        "type":"Geometry",
        "normals":26,
        "uvs":1,
        "materials":1,
        "vertices":100,
        "colors":0,
        "version":3,
        "faces":81
    },
    "vertices":[-5.63022,2.46105e-07,5.63022,-4.37906,2.46105e-07,5.63022,-3.1279,2.46105e-07,5.63022,-1.87674,2.46105e-07,5.63022,-0.62558,2.46105e-07,5.63022,0.62558,2.46105e-07,5.63022,1.87674,2.46105e-07,5.63022,3.1279,2.46105e-07,5.63022,4.37906,2.46105e-07,5.63022,5.63022,2.46105e-07,5.63022,-5.63022,1.91415e-07,4.37906,-4.37906,1.30734,4.37906,-3.1279,1.30734,4.37906,-1.87674,1.30734,4.37906,-0.62558,1.30734,4.37906,0.62558,1.30734,4.37906,1.87674,1.30734,4.37906,3.1279,1.30734,4.37906,4.37906,1.30734,4.37906,5.63022,1.91415e-07,4.37906,-5.63022,1.36725e-07,3.1279,-4.37906,1.30734,3.1279,-3.1279,1.30734,3.1279,-1.87674,1.30734,3.1279,-0.62558,1.30734,3.1279,0.62558,1.30734,3.1279,1.87674,1.30734,3.1279,3.1279,1.30734,3.1279,4.37906,1.30734,3.1279,5.63022,1.36725e-07,3.1279,-5.63022,8.20349e-08,1.87674,-4.37906,1.30734,1.87674,-3.1279,1.30734,1.87674,-1.87674,1.30734,1.87674,-0.62558,1.30734,1.87674,0.62558,1.30734,1.87674,1.87674,1.30734,1.87674,3.1279,1.30734,1.87674,4.37906,1.30734,1.87674,5.63022,8.20349e-08,1.87674,-5.63022,2.7345e-08,0.62558,-4.37906,1.30734,0.62558,-3.1279,1.30734,0.62558,-1.87674,1.30734,0.62558,-0.62558,1.30734,0.62558,0.62558,1.30734,0.62558,1.87674,1.30734,0.62558,3.1279,1.30734,0.62558,4.37906,1.30734,0.62558,5.63022,2.7345e-08,0.62558,-5.63022,-2.7345e-08,-0.62558,-4.37906,1.30734,-0.62558,-3.1279,1.30734,-0.62558,-1.87674,1.30734,-0.62558,-0.62558,1.30734,-0.62558,0.62558,1.30734,-0.62558,1.87674,1.30734,-0.62558,3.1279,1.30734,-0.62558,4.37906,1.30734,-0.62558,5.63022,-2.7345e-08,-0.62558,-5.63022,-8.20349e-08,-1.87674,-4.37906,1.30734,-1.87674,-3.1279,1.30734,-1.87674,-1.87674,1.30734,-1.87674,-0.62558,1.30734,-1.87674,0.62558,1.30734,-1.87674,1.87674,1.30734,-1.87674,3.1279,1.30734,-1.87674,4.37906,1.30734,-1.87674,5.63022,-8.20349e-08,-1.87674,-5.63022,-1.36725e-07,-3.1279,-4.37906,1.30734,-3.1279,-3.1279,1.30734,-3.1279,-1.87674,1.30734,-3.1279,-0.62558,1.30734,-3.1279,0.62558,1.30734,-3.1279,1.87674,1.30734,-3.1279,3.1279,1.30734,-3.1279,4.37906,1.30734,-3.1279,5.63022,-1.36725e-07,-3.1279,-5.63022,-1.91415e-07,-4.37906,-4.37906,1.30734,-4.37906,-3.1279,1.30734,-4.37906,-1.87674,1.30734,-4.37906,-0.62558,1.30734,-4.37906,0.62558,1.30734,-4.37906,1.87674,1.30734,-4.37906,3.1279,1.30734,-4.37906,4.37906,1.30734,-4.37906,5.63022,-1.91415e-07,-4.37906,-5.63022,-2.46105e-07,-5.63022,-4.37906,-2.46105e-07,-5.63022,-3.1279,-2.46105e-07,-5.63022,-1.87674,-2.46105e-07,-5.63022,-0.62558,-2.46105e-07,-5.63022,0.62558,-2.46105e-07,-5.63022,1.87674,-2.46105e-07,-5.63022,3.1279,-2.46105e-07,-5.63022,4.37906,-2.46105e-07,-5.63022,5.63022,-2.46105e-07,-5.63022],
    "materials":[{
        "DbgIndex":0,
        "shading":"phong",
        "transparent":false,
        "DbgName":"Material.001",
        "visible":true,
        "DbgColor":15658734,
        "specularCoef":50,
        "wireframe":false,
        "mapDiffuseRepeat":[1,1],
        "mapDiffuseAnisotropy":1,
        "opacity":1,
        "colorSpecular":[0.5,0.5,0.5],
        "depthTest":true,
        "doubleSided":false,
        "mapDiffuse":"MazeTexture1.png",
        "colorEmissive":[0,0,0],
        "mapDiffuseWrap":["repeat","repeat"],
        "vertexColors":false,
        "blending":"NormalBlending",
        "depthWrite":true
    }],
    "faces":[43,0,1,11,10,0,0,1,2,3,0,0,0,0,43,1,2,12,11,0,1,4,5,2,1,1,1,1,43,2,3,13,12,0,4,6,7,5,2,2,2,2,43,3,4,14,13,0,6,8,9,7,1,1,1,1,43,4,5,15,14,0,8,10,11,9,1,1,1,1,43,5,6,16,15,0,10,12,13,11,1,1,1,1,43,6,7,17,16,0,12,14,15,13,3,3,3,3,43,7,8,18,17,0,14,16,17,15,1,1,1,1,43,8,9,19,18,0,16,18,19,17,4,4,4,4,43,10,11,21,20,0,3,2,20,21,5,5,5,5,43,11,12,22,21,0,2,5,22,20,6,6,6,6,43,12,13,23,22,0,5,7,23,22,7,7,7,7,43,13,14,24,23,0,7,9,24,23,6,6,6,6,43,14,15,25,24,0,9,11,25,24,6,6,6,6,43,15,16,26,25,0,11,13,26,25,6,6,6,6,43,16,17,27,26,0,13,15,27,26,7,7,7,7,43,17,18,28,27,0,15,17,28,27,6,6,6,6,43,18,19,29,28,0,17,19,29,28,8,8,8,8,43,20,21,31,30,0,21,20,30,31,9,9,9,9,43,21,22,32,31,0,20,22,32,30,10,10,10,10,43,22,23,33,32,0,22,23,33,32,10,10,10,10,43,23,24,34,33,0,23,24,34,33,10,10,10,10,43,24,25,35,34,0,24,25,35,34,10,10,10,10,43,25,26,36,35,0,25,26,36,35,10,10,10,10,43,26,27,37,36,0,26,27,37,36,10,10,10,10,43,27,28,38,37,0,27,28,38,37,10,10,10,10,43,28,29,39,38,0,28,29,39,38,11,11,11,11,43,30,31,41,40,0,31,30,40,41,12,12,12,12,43,31,32,42,41,0,30,32,42,40,6,6,6,6,43,32,33,43,42,0,32,33,43,42,7,7,7,7,43,33,34,44,43,0,33,34,44,43,6,6,6,6,43,34,35,45,44,0,34,35,45,44,6,6,6,6,43,35,36,46,45,0,35,36,46,45,6,6,6,6,43,36,37,47,46,0,36,37,47,46,7,7,7,7,43,37,38,48,47,0,37,38,48,47,6,6,6,6,43,38,39,49,48,0,38,39,49,48,13,13,13,13,43,40,41,51,50,0,41,40,50,51,9,9,9,9,43,41,42,52,51,0,40,42,52,50,14,14,14,14,43,42,43,53,52,0,42,43,53,52,10,10,10,10,43,43,44,54,53,0,43,44,54,53,14,14,14,14,43,44,45,55,54,0,44,45,55,54,14,14,14,14,43,45,46,56,55,0,45,46,56,55,14,14,14,14,43,46,47,57,56,0,46,47,57,56,10,10,10,10,43,47,48,58,57,0,47,48,58,57,14,14,14,14,43,48,49,59,58,0,48,49,59,58,11,11,11,11,43,50,51,61,60,0,51,50,60,61,15,15,15,15,43,51,52,62,61,0,50,52,62,60,10,10,10,10,43,52,53,63,62,0,52,53,63,62,10,10,10,10,43,53,54,64,63,0,53,54,64,63,10,10,10,10,43,54,55,65,64,0,54,55,65,64,10,10,10,10,43,55,56,66,65,0,55,56,66,65,10,10,10,10,43,56,57,67,66,0,56,57,67,66,10,10,10,10,43,57,58,68,67,0,57,58,68,67,10,10,10,10,43,58,59,69,68,0,58,59,69,68,16,16,16,16,43,60,61,71,70,0,61,60,70,71,17,17,17,17,43,61,62,72,71,0,60,62,72,70,6,6,6,6,43,62,63,73,72,0,62,63,73,72,7,7,7,7,43,63,64,74,73,0,63,64,74,73,6,6,6,6,43,64,65,75,74,0,64,65,75,74,6,6,6,6,43,65,66,76,75,0,65,66,76,75,6,6,6,6,43,66,67,77,76,0,66,67,77,76,7,7,7,7,43,67,68,78,77,0,67,68,78,77,6,6,6,6,43,68,69,79,78,0,68,69,79,78,18,18,18,18,43,70,71,81,80,0,71,70,80,81,19,19,19,19,43,71,72,82,81,0,70,72,82,80,14,14,14,14,43,72,73,83,82,0,72,73,83,82,10,10,10,10,43,73,74,84,83,0,73,74,84,83,14,14,14,14,43,74,75,85,84,0,74,75,85,84,14,14,14,14,43,75,76,86,85,0,75,76,86,85,14,14,14,14,43,76,77,87,86,0,76,77,87,86,10,10,10,10,43,77,78,88,87,0,77,78,88,87,14,14,14,14,43,78,79,89,88,0,78,79,89,88,20,20,20,20,43,80,81,91,90,0,81,80,90,91,21,21,21,21,43,81,82,92,91,0,80,82,92,90,22,22,22,22,43,82,83,93,92,0,82,83,93,92,23,23,23,23,43,83,84,94,93,0,83,84,94,93,22,22,22,22,43,84,85,95,94,0,84,85,95,94,22,22,22,22,43,85,86,96,95,0,85,86,96,95,22,22,22,22,43,86,87,97,96,0,86,87,97,96,24,24,24,24,43,87,88,98,97,0,87,88,98,97,22,22,22,22,43,88,89,99,98,0,88,89,99,98,25,25,25,25],