{
    "metadata":{
        "version":3,
        "materials":1,
        "faces":6,
        "uvs":1,
        "colors":0,
        "vertices":8,
        "normals":6,
        "generator":"io_three",
        "type":"Geometry"
    },
    "colors":[],
    "vertices":[-0.224994,-4.22945,0.224994,-0.224994,4.22945,0.224994,-0.224994,-4.22945,-0.224994,-0.224994,4.22945,-0.224994,0.224994,-4.22945,0.224994,0.224994,4.22945,0.224994,0.224994,-4.22945,-0.224994,0.224994,4.22945,-0.224994],
    "normals":[-1,-0,0,0,-4.22783e-08,-1,1,-0,0,0,4.22783e-08,1,-0,-1,0,-0,1,0],
    "faces":[43,2,0,1,3,0,2,3,0,1,0,0,0,0,43,3,7,6,2,0,4,5,6,7,1,1,1,1,43,7,5,4,6,0,8,9,10,11,2,2,2,2,43,0,4,5,1,0,14,15,12,13,3,3,3,3,43,0,2,6,4,0,16,17,18,19,4,4,4,4,43,5,7,3,1,0,20,21,22,23,5,5,5,5],
    "uvs":[[0.489693,0.752392,0.156765,0.750536,0.15862,0.417608,0.491549,0.419463,0.451512,0.749872,0.118579,0.750395,0.118056,0.417461,0.45099,0.416939,0.342977,0.7488,0.0100429,0.7488,0.0100429,0.415867,0.342977,0.415867,0.597565,0.751467,0.264631,0.751467,0.264631,0.418533,0.597565,0.418533,0.666866,0.333134,0.666866,0.00019976,0.9998,0.00019976,0.9998,0.333134,0.666467,0.666866,0.666467,0.9998,0.333533,0.9998,0.333533,0.666866]],
    "materials":[{
        "visible":true,
        "mapDiffuse":"taimatu_texture1.jpg",
        "opacity":1,
        "mapDiffuseRepeat":[1,1],
        "colorSpecular":[0.5,0.5,0.5],
        "colorEmissive":[0,0,0],
        "mapDiffuseAnisotropy":1,
        "depthWrite":true,
        "transparent":false,
        "doubleSided":false,
        "DbgName":"Material.001",
        "wireframe":false,
        "specularCoef":50,
        "DbgIndex":0,
        "mapDiffuseWrap":["repeat","repeat"],
        "vertexColors":false,
        "blending":"NormalBlending",
        "DbgColor":15658734,
        "shading":"phong",
        "depthTest":true
    }]
}